{ "frames": [
   {
    "filename": "Checkpoint_Flag 0.aseprite",
    "frame": { "x": 0, "y": 0, "w": 8, "h": 8 },
    "rotated": false,
    "trimmed": false,
    "spriteSourceSize": { "x": 0, "y": 0, "w": 8, "h": 8 },
    "sourceSize": { "w": 8, "h": 8 },
    "duration": 100
   },
   {
    "filename": "Checkpoint_Flag 1.aseprite",
    "frame": { "x": 0, "y": 0, "w": 8, "h": 8 },
    "rotated": false,
    "trimmed": false,
    "spriteSourceSize": { "x": 0, "y": 0, "w": 8, "h": 8 },
    "sourceSize": { "w": 8, "h": 8 },
    "duration": 100
   },
   {
    "filename": "Checkpoint_Flag 2.aseprite",
    "frame": { "x": 8, "y": 0, "w": 8, "h": 8 },
    "rotated": false,
    "trimmed": false,
    "spriteSourceSize": { "x": 0, "y": 0, "w": 8, "h": 8 },
    "sourceSize": { "w": 8, "h": 8 },
    "duration": 100
   },
   {
    "filename": "Checkpoint_Flag 3.aseprite",
    "frame": { "x": 16, "y": 0, "w": 8, "h": 8 },
    "rotated": false,
    "trimmed": false,
    "spriteSourceSize": { "x": 0, "y": 0, "w": 8, "h": 8 },
    "sourceSize": { "w": 8, "h": 8 },
    "duration": 100
   },
   {
    "filename": "Checkpoint_Flag 4.aseprite",
    "frame": { "x": 24, "y": 0, "w": 8, "h": 8 },
    "rotated": false,
    "trimmed": false,
    "spriteSourceSize": { "x": 0, "y": 0, "w": 8, "h": 8 },
    "sourceSize": { "w": 8, "h": 8 },
    "duration": 100
   },
   {
    "filename": "Checkpoint_Flag 5.aseprite",
    "frame": { "x": 32, "y": 0, "w": 8, "h": 8 },
    "rotated": false,
    "trimmed": false,
    "spriteSourceSize": { "x": 0, "y": 0, "w": 8, "h": 8 },
    "sourceSize": { "w": 8, "h": 8 },
    "duration": 100
   },
   {
    "filename": "Checkpoint_Flag 6.aseprite",
    "frame": { "x": 0, "y": 8, "w": 8, "h": 8 },
    "rotated": false,
    "trimmed": false,
    "spriteSourceSize": { "x": 0, "y": 0, "w": 8, "h": 8 },
    "sourceSize": { "w": 8, "h": 8 },
    "duration": 100
   },
   {
    "filename": "Checkpoint_Flag 7.aseprite",
    "frame": { "x": 8, "y": 8, "w": 8, "h": 8 },
    "rotated": false,
    "trimmed": false,
    "spriteSourceSize": { "x": 0, "y": 0, "w": 8, "h": 8 },
    "sourceSize": { "w": 8, "h": 8 },
    "duration": 100
   },
   {
    "filename": "Checkpoint_Flag 8.aseprite",
    "frame": { "x": 8, "y": 8, "w": 8, "h": 8 },
    "rotated": false,
    "trimmed": false,
    "spriteSourceSize": { "x": 0, "y": 0, "w": 8, "h": 8 },
    "sourceSize": { "w": 8, "h": 8 },
    "duration": 100
   },
   {
    "filename": "Checkpoint_Flag 9.aseprite",
    "frame": { "x": 16, "y": 8, "w": 8, "h": 8 },
    "rotated": false,
    "trimmed": false,
    "spriteSourceSize": { "x": 0, "y": 0, "w": 8, "h": 8 },
    "sourceSize": { "w": 8, "h": 8 },
    "duration": 100
   },
   {
    "filename": "Checkpoint_Flag 10.aseprite",
    "frame": { "x": 24, "y": 8, "w": 8, "h": 8 },
    "rotated": false,
    "trimmed": false,
    "spriteSourceSize": { "x": 0, "y": 0, "w": 8, "h": 8 },
    "sourceSize": { "w": 8, "h": 8 },
    "duration": 100
   },
   {
    "filename": "Checkpoint_Flag 11.aseprite",
    "frame": { "x": 32, "y": 8, "w": 8, "h": 8 },
    "rotated": false,
    "trimmed": false,
    "spriteSourceSize": { "x": 0, "y": 0, "w": 8, "h": 8 },
    "sourceSize": { "w": 8, "h": 8 },
    "duration": 100
   },
   {
    "filename": "Checkpoint_Flag 12.aseprite",
    "frame": { "x": 0, "y": 16, "w": 8, "h": 8 },
    "rotated": false,
    "trimmed": false,
    "spriteSourceSize": { "x": 0, "y": 0, "w": 8, "h": 8 },
    "sourceSize": { "w": 8, "h": 8 },
    "duration": 100
   },
   {
    "filename": "Checkpoint_Flag 13.aseprite",
    "frame": { "x": 8, "y": 16, "w": 8, "h": 8 },
    "rotated": false,
    "trimmed": false,
    "spriteSourceSize": { "x": 0, "y": 0, "w": 8, "h": 8 },
    "sourceSize": { "w": 8, "h": 8 },
    "duration": 100
   },
   {
    "filename": "Checkpoint_Flag 14.aseprite",
    "frame": { "x": 16, "y": 16, "w": 8, "h": 8 },
    "rotated": false,
    "trimmed": false,
    "spriteSourceSize": { "x": 0, "y": 0, "w": 8, "h": 8 },
    "sourceSize": { "w": 8, "h": 8 },
    "duration": 100
   },
   {
    "filename": "Checkpoint_Flag 15.aseprite",
    "frame": { "x": 24, "y": 16, "w": 8, "h": 8 },
    "rotated": false,
    "trimmed": false,
    "spriteSourceSize": { "x": 0, "y": 0, "w": 8, "h": 8 },
    "sourceSize": { "w": 8, "h": 8 },
    "duration": 100
   },
   {
    "filename": "Checkpoint_Flag 16.aseprite",
    "frame": { "x": 32, "y": 16, "w": 8, "h": 8 },
    "rotated": false,
    "trimmed": false,
    "spriteSourceSize": { "x": 0, "y": 0, "w": 8, "h": 8 },
    "sourceSize": { "w": 8, "h": 8 },
    "duration": 100
   },
   {
    "filename": "Checkpoint_Flag 17.aseprite",
    "frame": { "x": 0, "y": 24, "w": 8, "h": 8 },
    "rotated": false,
    "trimmed": false,
    "spriteSourceSize": { "x": 0, "y": 0, "w": 8, "h": 8 },
    "sourceSize": { "w": 8, "h": 8 },
    "duration": 100
   },
   {
    "filename": "Checkpoint_Flag 18.aseprite",
    "frame": { "x": 8, "y": 24, "w": 8, "h": 8 },
    "rotated": false,
    "trimmed": false,
    "spriteSourceSize": { "x": 0, "y": 0, "w": 8, "h": 8 },
    "sourceSize": { "w": 8, "h": 8 },
    "duration": 100
   }
 ],
 "meta": {
  "app": "http://www.aseprite.org/",
  "version": "1.2.21-dev",
  "image": "Checkpoint_Flag.png",
  "format": "RGBA8888",
  "size": { "w": 40, "h": 32 },
  "scale": "1",
  "frameTags": [
   { "name": "Idle", "from": 0, "to": 0, "direction": "forward" },
   { "name": "Unfurl", "from": 1, "to": 7, "direction": "forward" },
   { "name": "Wave", "from": 8, "to": 17, "direction": "forward" }
  ]
 }
}
