{ "frames": [
   {
    "filename": "Crumbling_Platform 0.aseprite",
    "frame": { "x": 0, "y": 0, "w": 8, "h": 8 },
    "rotated": false,
    "trimmed": false,
    "spriteSourceSize": { "x": 0, "y": 0, "w": 8, "h": 8 },
    "sourceSize": { "w": 8, "h": 8 },
    "duration": 100
   },
   {
    "filename": "Crumbling_Platform 1.aseprite",
    "frame": { "x": 0, "y": 0, "w": 8, "h": 8 },
    "rotated": false,
    "trimmed": false,
    "spriteSourceSize": { "x": 0, "y": 0, "w": 8, "h": 8 },
    "sourceSize": { "w": 8, "h": 8 },
    "duration": 100
   },
   {
    "filename": "Crumbling_Platform 2.aseprite",
    "frame": { "x": 8, "y": 0, "w": 8, "h": 8 },
    "rotated": false,
    "trimmed": false,
    "spriteSourceSize": { "x": 0, "y": 0, "w": 8, "h": 8 },
    "sourceSize": { "w": 8, "h": 8 },
    "duration": 100
   },
   {
    "filename": "Crumbling_Platform 3.aseprite",
    "frame": { "x": 16, "y": 0, "w": 8, "h": 8 },
    "rotated": false,
    "trimmed": false,
    "spriteSourceSize": { "x": 0, "y": 0, "w": 8, "h": 8 },
    "sourceSize": { "w": 8, "h": 8 },
    "duration": 100
   },
   {
    "filename": "Crumbling_Platform 4.aseprite",
    "frame": { "x": 0, "y": 8, "w": 8, "h": 8 },
    "rotated": false,
    "trimmed": false,
    "spriteSourceSize": { "x": 0, "y": 0, "w": 8, "h": 8 },
    "sourceSize": { "w": 8, "h": 8 },
    "duration": 100
   },
   {
    "filename": "Crumbling_Platform 5.aseprite",
    "frame": { "x": 8, "y": 8, "w": 8, "h": 8 },
    "rotated": false,
    "trimmed": false,
    "spriteSourceSize": { "x": 0, "y": 0, "w": 8, "h": 8 },
    "sourceSize": { "w": 8, "h": 8 },
    "duration": 100
   },
   {
    "filename": "Crumbling_Platform 6.aseprite",
    "frame": { "x": 16, "y": 8, "w": 8, "h": 8 },
    "rotated": false,
    "trimmed": false,
    "spriteSourceSize": { "x": 0, "y": 0, "w": 8, "h": 8 },
    "sourceSize": { "w": 8, "h": 8 },
    "duration": 100
   },
   {
    "filename": "Crumbling_Platform 7.aseprite",
    "frame": { "x": 0, "y": 16, "w": 8, "h": 8 },
    "rotated": false,
    "trimmed": false,
    "spriteSourceSize": { "x": 0, "y": 0, "w": 8, "h": 8 },
    "sourceSize": { "w": 8, "h": 8 },
    "duration": 100
   },
   {
    "filename": "Crumbling_Platform 8.aseprite",
    "frame": { "x": 8, "y": 16, "w": 8, "h": 8 },
    "rotated": false,
    "trimmed": false,
    "spriteSourceSize": { "x": 0, "y": 0, "w": 8, "h": 8 },
    "sourceSize": { "w": 8, "h": 8 },
    "duration": 100
   },
   {
    "filename": "Crumbling_Platform 9.aseprite",
    "frame": { "x": 16, "y": 16, "w": 8, "h": 8 },
    "rotated": false,
    "trimmed": false,
    "spriteSourceSize": { "x": 0, "y": 0, "w": 8, "h": 8 },
    "sourceSize": { "w": 8, "h": 8 },
    "duration": 100
   },
   {
    "filename": "Crumbling_Platform 10.aseprite",
    "frame": { "x": 16, "y": 16, "w": 8, "h": 8 },
    "rotated": false,
    "trimmed": false,
    "spriteSourceSize": { "x": 0, "y": 0, "w": 8, "h": 8 },
    "sourceSize": { "w": 8, "h": 8 },
    "duration": 100
   },
   {
    "filename": "Crumbling_Platform 11.aseprite",
    "frame": { "x": 8, "y": 16, "w": 8, "h": 8 },
    "rotated": false,
    "trimmed": false,
    "spriteSourceSize": { "x": 0, "y": 0, "w": 8, "h": 8 },
    "sourceSize": { "w": 8, "h": 8 },
    "duration": 100
   },
   {
    "filename": "Crumbling_Platform 12.aseprite",
    "frame": { "x": 0, "y": 16, "w": 8, "h": 8 },
    "rotated": false,
    "trimmed": false,
    "spriteSourceSize": { "x": 0, "y": 0, "w": 8, "h": 8 },
    "sourceSize": { "w": 8, "h": 8 },
    "duration": 100
   },
   {
    "filename": "Crumbling_Platform 13.aseprite",
    "frame": { "x": 16, "y": 8, "w": 8, "h": 8 },
    "rotated": false,
    "trimmed": false,
    "spriteSourceSize": { "x": 0, "y": 0, "w": 8, "h": 8 },
    "sourceSize": { "w": 8, "h": 8 },
    "duration": 100
   },
   {
    "filename": "Crumbling_Platform 14.aseprite",
    "frame": { "x": 8, "y": 8, "w": 8, "h": 8 },
    "rotated": false,
    "trimmed": false,
    "spriteSourceSize": { "x": 0, "y": 0, "w": 8, "h": 8 },
    "sourceSize": { "w": 8, "h": 8 },
    "duration": 100
   },
   {
    "filename": "Crumbling_Platform 15.aseprite",
    "frame": { "x": 0, "y": 8, "w": 8, "h": 8 },
    "rotated": false,
    "trimmed": false,
    "spriteSourceSize": { "x": 0, "y": 0, "w": 8, "h": 8 },
    "sourceSize": { "w": 8, "h": 8 },
    "duration": 100
   },
   {
    "filename": "Crumbling_Platform 16.aseprite",
    "frame": { "x": 16, "y": 0, "w": 8, "h": 8 },
    "rotated": false,
    "trimmed": false,
    "spriteSourceSize": { "x": 0, "y": 0, "w": 8, "h": 8 },
    "sourceSize": { "w": 8, "h": 8 },
    "duration": 100
   },
   {
    "filename": "Crumbling_Platform 17.aseprite",
    "frame": { "x": 8, "y": 0, "w": 8, "h": 8 },
    "rotated": false,
    "trimmed": false,
    "spriteSourceSize": { "x": 0, "y": 0, "w": 8, "h": 8 },
    "sourceSize": { "w": 8, "h": 8 },
    "duration": 100
   },
   {
    "filename": "Crumbling_Platform 18.aseprite",
    "frame": { "x": 0, "y": 0, "w": 8, "h": 8 },
    "rotated": false,
    "trimmed": false,
    "spriteSourceSize": { "x": 0, "y": 0, "w": 8, "h": 8 },
    "sourceSize": { "w": 8, "h": 8 },
    "duration": 100
   }
 ],
 "meta": {
  "app": "http://www.aseprite.org/",
  "version": "1.2.21-dev",
  "image": "Crumbling_Platform.png",
  "format": "RGBA8888",
  "size": { "w": 24, "h": 24 },
  "scale": "1",
  "frameTags": [
   { "name": "Idle", "from": 0, "to": 0, "direction": "forward" },
   { "name": "Crumble", "from": 1, "to": 9, "direction": "forward" },
   { "name": "Reform", "from": 10, "to": 18, "direction": "forward" }
  ]
 }
}
