{ "frames": [
   {
    "filename": "little_dude 0.aseprite",
    "frame": { "x": 0, "y": 0, "w": 8, "h": 8 },
    "rotated": false,
    "trimmed": false,
    "spriteSourceSize": { "x": 0, "y": 0, "w": 8, "h": 8 },
    "sourceSize": { "w": 8, "h": 8 },
    "duration": 100
   },
   {
    "filename": "little_dude 1.aseprite",
    "frame": { "x": 8, "y": 0, "w": 8, "h": 8 },
    "rotated": false,
    "trimmed": false,
    "spriteSourceSize": { "x": 0, "y": 0, "w": 8, "h": 8 },
    "sourceSize": { "w": 8, "h": 8 },
    "duration": 100
   },
   {
    "filename": "little_dude 2.aseprite",
    "frame": { "x": 16, "y": 0, "w": 8, "h": 8 },
    "rotated": false,
    "trimmed": false,
    "spriteSourceSize": { "x": 0, "y": 0, "w": 8, "h": 8 },
    "sourceSize": { "w": 8, "h": 8 },
    "duration": 100
   },
   {
    "filename": "little_dude 3.aseprite",
    "frame": { "x": 24, "y": 0, "w": 8, "h": 8 },
    "rotated": false,
    "trimmed": false,
    "spriteSourceSize": { "x": 0, "y": 0, "w": 8, "h": 8 },
    "sourceSize": { "w": 8, "h": 8 },
    "duration": 100
   },
   {
    "filename": "little_dude 4.aseprite",
    "frame": { "x": 0, "y": 8, "w": 8, "h": 8 },
    "rotated": false,
    "trimmed": false,
    "spriteSourceSize": { "x": 0, "y": 0, "w": 8, "h": 8 },
    "sourceSize": { "w": 8, "h": 8 },
    "duration": 100
   },
   {
    "filename": "little_dude 5.aseprite",
    "frame": { "x": 8, "y": 8, "w": 8, "h": 8 },
    "rotated": false,
    "trimmed": false,
    "spriteSourceSize": { "x": 0, "y": 0, "w": 8, "h": 8 },
    "sourceSize": { "w": 8, "h": 8 },
    "duration": 100
   },
   {
    "filename": "little_dude 6.aseprite",
    "frame": { "x": 16, "y": 8, "w": 8, "h": 8 },
    "rotated": false,
    "trimmed": false,
    "spriteSourceSize": { "x": 0, "y": 0, "w": 8, "h": 8 },
    "sourceSize": { "w": 8, "h": 8 },
    "duration": 100
   },
   {
    "filename": "little_dude 7.aseprite",
    "frame": { "x": 24, "y": 8, "w": 8, "h": 8 },
    "rotated": false,
    "trimmed": false,
    "spriteSourceSize": { "x": 0, "y": 0, "w": 8, "h": 8 },
    "sourceSize": { "w": 8, "h": 8 },
    "duration": 100
   },
   {
    "filename": "little_dude 8.aseprite",
    "frame": { "x": 0, "y": 16, "w": 8, "h": 8 },
    "rotated": false,
    "trimmed": false,
    "spriteSourceSize": { "x": 0, "y": 0, "w": 8, "h": 8 },
    "sourceSize": { "w": 8, "h": 8 },
    "duration": 100
   },
   {
    "filename": "little_dude 9.aseprite",
    "frame": { "x": 8, "y": 16, "w": 8, "h": 8 },
    "rotated": false,
    "trimmed": false,
    "spriteSourceSize": { "x": 0, "y": 0, "w": 8, "h": 8 },
    "sourceSize": { "w": 8, "h": 8 },
    "duration": 100
   }
 ],
 "meta": {
  "app": "http://www.aseprite.org/",
  "version": "1.2.21-dev",
  "image": "little_dude.png",
  "format": "RGBA8888",
  "size": { "w": 32, "h": 24 },
  "scale": "1",
  "frameTags": [
   { "name": "Idle", "from": 0, "to": 0, "direction": "forward" },
   { "name": "Running", "from": 1, "to": 3, "direction": "pingpong" },
   { "name": "Jump Up", "from": 4, "to": 6, "direction": "forward" },
   { "name": "Fall Down", "from": 7, "to": 8, "direction": "forward" },
   { "name": "Sliding", "from": 9, "to": 9, "direction": "forward" }
  ]
 }
}
